{"controlador.ed.lista.ListaEnlazada":{"cabecera":{"info":{"@class":"modelo.Estudiante","id":1,"nombre":"Wilman","apellido":"Morocho","cedula":1106002593,"edad":0,"paralelo":"B","ciclo":"Tercero","jornada":"Matutina","modalidad":"Distancia"},"sig":{"info":{"@class":"modelo.Estudiante","id":2,"nombre":"cristian","apellido":"Ajila","cedula":234567,"edad":0,"paralelo":"A","ciclo":"Septimo","jornada":"Vespertina","modalidad":"Distancia"},"sig":{"info":{"@class":"modelo.Estudiante","id":3,"nombre":"Emilio","apellido":"Bravo","cedula":1234567899,"edad":0,"paralelo":"B","ciclo":"Tercero","jornada":"Matutina","modalidad":"Presencial"},"sig":{"info":{"@class":"modelo.Estudiante","id":4,"nombre":"cristian","apellido":"Ajila","cedula":234567,"edad":0,"paralelo":"A","ciclo":"Septimo","jornada":"Vespertina","modalidad":"Presencial"},"sig":{"info":{"@class":"modelo.Estudiante","id":5,"nombre":"Emilio","apellido":"Bravo","cedula":1105918419,"edad":0,"paralelo":"A","ciclo":"Tercero","jornada":"Matutina","modalidad":"Distancia"}}}}}},"size":5}}