{"controlador.ed.lista.ListaEnlazada":{"cabecera":{"info":{"@class":"modelo.Materia","edad":0,"ciclo":"Tercero","id":1,"nombre":"Diseno de Circuitos"},"sig":{"info":{"@class":"modelo.Materia","edad":0,"ciclo":"Tercero","id":2,"nombre":"Estadistica Analitica"},"sig":{"info":{"@class":"modelo.Materia","edad":0,"ciclo":"Septimo","id":3,"nombre":"Proyectos Tecnológicos 1"},"sig":{"info":{"@class":"modelo.Materia","edad":0,"ciclo":"Tercero","id":4,"nombre":"Requisitos de Sofware"},"sig":{"info":{"@class":"modelo.Materia","edad":0,"ciclo":"Tercero","id":5,"nombre":"Arquitectura de ordenadores"},"sig":{"info":{"@class":"modelo.Materia","edad":0,"ciclo":"Septimo","id":6,"nombre":"Seguridad de la Información"},"sig":{"info":{"@class":"modelo.Materia","edad":0,"ciclo":"Tercero","id":7,"nombre":"Base de Datos"}}}}}}}},"size":7}}