{"controlador.ed.lista.ListaEnlazada":{"cabecera":{"info":{"@class":"modelo.Usuario","id":1,"nombre":"Wilman","apellido":"Morocho","cedula":1106002593,"celular":"0987654369","edad":11,"genero":"Masculino","estado":"Casado","nacimiento":"12\/67\/5342","correoPer":"asfzcavc","correoIns":"ascac","rol":"Estudiante"},"sig":{"info":{"@class":"modelo.Usuario","id":2,"nombre":"cristian","apellido":"Ajila","cedula":234567,"celular":6789,"edad":56,"genero":"Masculino","estado":"Casado","nacimiento":78,"correoPer":"fvgbnghj","correoIns":"fghgbhn","rol":"Estudiante"},"sig":{"info":{"@class":"modelo.Usuario","id":3,"nombre":"Emilio","apellido":"Bravo","cedula":1234567899,"celular":"09944940438","edad":23,"genero":"Masculino","estado":"Casado","nacimiento":"26\/24\/1202","correoPer":"xkjbasjckbsK","correoIns":"criusalcnasjcnjkws","rol":"Estudiante"}}}},"size":3}}